,FID,min,max,area
0,0,0.0,600.0,54621273.21698507
1,1,600.0,1200.0,63020332.76320061
2,2,1200.0,1800.0,385894.0198144644
