,FID,min,max,area
0,0,0.0,600.0,196340955.53862065
1,1,600.0,1200.0,242098435.5058414
2,2,1200.0,1800.0,8277952.705536099
